<manifest><control namespace="VinnyBControls" constructor="Iframe4Canvas" version="0.0.1" display-name-key="Iframe4Canvas" description-key="Iframe4Canvas description" control-type="standard" api-version="1.2.1"><property name="src" display-name-key="Src" description-key="" of-type="SingleLine.TextArea" usage="bound" required="true" /><property name="height" display-name-key="Iframe Height" description-key="" of-type="Whole.None" usage="input" required="true" /><property name="width" display-name-key="Iframe Width" description-key="" of-type="Whole.None" usage="input" required="true" /><resources><code path="bundle.js" order="1" /><css path="css/Iframe4Canvas.css" order="1" /></resources><built-by name="pac" version="1.1.6" /></control></manifest>